"Code injection","User input reaches a code evaluation, enabling Code injection.","error","This code evaluation depends on a [[""user-provided value""|""relative:///lang/security/assert-use.php:3:12:3:16""]].","/lang/security/assert-use.php","6","8","6","15"
"Code injection","User input reaches a code evaluation, enabling Code injection.","error","This code evaluation depends on a [[""user-provided value""|""relative:///lang/security/assert-use.php:3:12:3:16""]].","/lang/security/assert-use.php","12","8","12","19"
"Code injection","User input reaches a code evaluation, enabling Code injection.","error","This code evaluation depends on a [[""user-provided value""|""relative:///lang/security/audit/assert-use-audit.php:7:8:7:12""]].","/lang/security/audit/assert-use-audit.php","7","8","7","25"
"Code injection","User input reaches a code evaluation, enabling Code injection.","error","This code evaluation depends on a [[""user-provided value""|""relative:///lang/security/audit/assert-use-audit.php:10:8:10:13""]].","/lang/security/audit/assert-use-audit.php","10","8","10","21"
"Code injection","User input reaches a code evaluation, enabling Code injection.","error","This code evaluation depends on a [[""user-provided value""|""relative:///lang/security/injection/tainted-callable.php:12:22:12:26""]].","/lang/security/injection/tainted-callable.php","12","22","12","38"
"Code injection","User input reaches a code evaluation, enabling Code injection.","error","This code evaluation depends on a [[""user-provided value""|""relative:///lang/security/injection/tainted-object-instantiation.php:3:23:3:30""]].","/lang/security/injection/tainted-object-instantiation.php","7","19","7","33"
"Command injection","User input reaches a shell command, enabling Command injection.","error","This shell command depends on a [[""user-provided value""|""relative:///lang/security/injection/tainted-exec.php:3:14:3:18""]].","/lang/security/injection/tainted-exec.php","6","8","6","22"
"Command injection","User input reaches a shell command, enabling Command injection.","error","This shell command depends on a [[""user-provided value""|""relative:///lang/security/injection/tainted-exec.php:3:14:3:18""]].","/lang/security/injection/tainted-exec.php","16","16","16","30"
"Command injection","User input reaches a shell command, enabling Command injection.","error","This shell command depends on a [[""user-provided value""|""relative:///lang/security/injection/tainted-exec.php:3:14:3:18""]].","/lang/security/injection/tainted-exec.php","20","16","20","33"
"Command injection","User input reaches a shell command, enabling Command injection.","error","This shell command depends on a [[""user-provided value""|""relative:///lang/security/tainted-exec.php:3:13:3:20""]].","/lang/security/tainted-exec.php","5","6","5","30"
"Command injection","User input reaches a shell command, enabling Command injection.","error","This shell command depends on a [[""user-provided value""|""relative:///lang/security/tainted-exec.php:13:12:13:20""]].","/lang/security/tainted-exec.php","16","8","16","11"
"Command injection","User input reaches a shell command, enabling Command injection.","error","This shell command depends on a [[""user-provided value""|""relative:///lang/security/tainted-exec.php:31:8:31:13""]].","/lang/security/tainted-exec.php","37","14","37","17"
"File inclusion","User input reaches a included file path, enabling File inclusion.","error","This included file path depends on a [[""user-provided value""|""relative:///lang/security/file-inclusion.php:3:15:3:19""]].","/lang/security/file-inclusion.php","6","8","6","20"
"File inclusion","User input reaches a included file path, enabling File inclusion.","error","This included file path depends on a [[""user-provided value""|""relative:///lang/security/file-inclusion.php:3:15:3:19""]].","/lang/security/file-inclusion.php","12","13","12","25"
"File inclusion","User input reaches a included file path, enabling File inclusion.","error","This included file path depends on a [[""user-provided value""|""relative:///lang/security/file-inclusion.php:3:15:3:19""]].","/lang/security/file-inclusion.php","18","8","18","20"
"File inclusion","User input reaches a included file path, enabling File inclusion.","error","This included file path depends on a [[""user-provided value""|""relative:///lang/security/file-inclusion.php:3:15:3:19""]].","/lang/security/file-inclusion.php","24","13","24","25"
"File inclusion","User input reaches a included file path, enabling File inclusion.","error","This included file path depends on a [[""user-provided value""|""relative:///lang/security/file-inclusion.php:3:15:3:19""]].","/lang/security/file-inclusion.php","30","8","30","30"
"Open redirect","User input reaches a HTTP header, enabling Open redirect.","error","This HTTP header depends on a [[""user-provided value""|""relative:///lang/security/redirect-to-request-uri.php:4:21:4:28""]].","/lang/security/redirect-to-request-uri.php","4","8","4","43"
"Open redirect","User input reaches a HTTP header, enabling Open redirect.","error","This HTTP header depends on a [[""user-provided value""|""relative:///lang/security/redirect-to-request-uri.php:7:20:7:27""]].","/lang/security/redirect-to-request-uri.php","7","8","7","42"
"Open redirect","User input reaches a HTTP header, enabling Open redirect.","error","This HTTP header depends on a [[""user-provided value""|""relative:///lang/security/redirect-to-request-uri.php:10:21:10:28""]].","/lang/security/redirect-to-request-uri.php","10","8","10","47"
"Open redirect","User input reaches a HTTP header, enabling Open redirect.","error","This HTTP header depends on a [[""user-provided value""|""relative:///lang/security/redirect-to-request-uri.php:13:21:13:28""]].","/lang/security/redirect-to-request-uri.php","13","8","13","43"
"Open redirect","User input reaches a HTTP header, enabling Open redirect.","error","This HTTP header depends on a [[""user-provided value""|""relative:///lang/security/redirect-to-request-uri.php:16:21:16:28""]].","/lang/security/redirect-to-request-uri.php","16","8","16","43"
"Open redirect","User input reaches a HTTP header, enabling Open redirect.","error","This HTTP header depends on a [[""user-provided value""|""relative:///lang/security/redirect-to-request-uri.php:19:21:19:28""]].","/lang/security/redirect-to-request-uri.php","19","8","19","40"
"Open redirect","User input reaches a HTTP header, enabling Open redirect.","error","This HTTP header depends on a [[""user-provided value""|""relative:///lang/security/redirect-to-request-uri.php:25:40:25:47""]].","/lang/security/redirect-to-request-uri.php","25","8","25","62"
"Open redirect","User input reaches a HTTP header, enabling Open redirect.","error","This HTTP header depends on a [[""user-provided value""|""relative:///lang/security/redirect-to-request-uri.php:28:31:28:38""]].","/lang/security/redirect-to-request-uri.php","28","8","28","53"
"Open redirect","User input reaches a HTTP header, enabling Open redirect.","error","This HTTP header depends on a [[""user-provided value""|""relative:///lang/security/redirect-to-request-uri.php:31:42:31:49""]].","/lang/security/redirect-to-request-uri.php","31","8","31","64"
"Path traversal","User input reaches a file path, enabling Path traversal.","error","This file path depends on a [[""user-provided value""|""relative:///lang/security/injection/tainted-filename.php:3:12:3:16""]].","/lang/security/injection/tainted-filename.php","8","6","8","13"
"Path traversal","User input reaches a file path, enabling Path traversal.","error","This file path depends on a [[""user-provided value""|""relative:///lang/security/php-ssrf.php:29:16:29:20""]].","/lang/security/php-ssrf.php","30","23","30","26"
"Path traversal","User input reaches a file path, enabling Path traversal.","error","This file path depends on a [[""user-provided value""|""relative:///lang/security/unlink-use.php:3:9:3:13""]].","/lang/security/unlink-use.php","5","8","5","36"
"Path traversal","User input reaches a file path, enabling Path traversal.","error","This file path depends on a [[""user-provided value""|""relative:///lang/security/php-ssrf.php:35:23:35:28""]].","/lang/security/php-ssrf.php","35","23","35","33"
"Path traversal","User input reaches a file path, enabling Path traversal.","error","This file path depends on a [[""user-provided value""|""relative:///lang/security/php-ssrf.php:40:16:40:21""]].","/lang/security/php-ssrf.php","41","35","41","38"
"Path traversal","User input reaches a file path, enabling Path traversal.","error","This file path depends on a [[""user-provided value""|""relative:///lang/security/php-ssrf.php:46:35:46:40""]].","/lang/security/php-ssrf.php","46","35","46","45"
"Reflected XSS","User input reaches a page output, enabling Reflected XSS.","error","This page output depends on a [[""user-provided value""|""relative:///lang/security/injection/echoed-request.php:5:13:5:21""]].","/lang/security/injection/echoed-request.php","7","10","7","24"
"Reflected XSS","User input reaches a page output, enabling Reflected XSS.","error","This page output depends on a [[""user-provided value""|""relative:///lang/security/injection/echoed-request.php:5:13:5:21""]].","/lang/security/injection/echoed-request.php","9","10","9","27"
"Reflected XSS","User input reaches a page output, enabling Reflected XSS.","error","This page output depends on a [[""user-provided value""|""relative:///lang/security/injection/printed-request.php:5:13:5:21""]].","/lang/security/injection/printed-request.php","7","10","7","26"
"Reflected XSS","User input reaches a page output, enabling Reflected XSS.","error","This page output depends on a [[""user-provided value""|""relative:///lang/security/injection/printed-request.php:5:13:5:21""]].","/lang/security/injection/printed-request.php","9","10","9","29"
"Reflected XSS","User input reaches a page output, enabling Reflected XSS.","error","This page output depends on a [[""user-provided value""|""relative:///lang/security/injection/echoed-request.php:19:13:19:21""]].","/lang/security/injection/echoed-request.php","21","10","21","24"
"Reflected XSS","User input reaches a page output, enabling Reflected XSS.","error","This page output depends on a [[""user-provided value""|""relative:///lang/security/injection/echoed-request.php:26:19:26:24""]].","/lang/security/injection/echoed-request.php","26","10","26","37"
"Reflected XSS","User input reaches a page output, enabling Reflected XSS.","error","This page output depends on a [[""user-provided value""|""relative:///lang/security/injection/printed-request.php:19:13:19:21""]].","/lang/security/injection/printed-request.php","21","10","21","26"
"Reflected XSS","User input reaches a page output, enabling Reflected XSS.","error","This page output depends on a [[""user-provided value""|""relative:///lang/security/injection/echoed-request.php:30:13:30:17""]].","/lang/security/injection/echoed-request.php","33","14","33","28"
"Reflected XSS","User input reaches a page output, enabling Reflected XSS.","error","This page output depends on a [[""user-provided value""|""relative:///lang/security/injection/printed-request.php:26:20:26:25""]].","/lang/security/injection/printed-request.php","26","10","26","39"
"Reflected XSS","User input reaches a page output, enabling Reflected XSS.","error","This page output depends on a [[""user-provided value""|""relative:///lang/security/injection/echoed-request.php:39:53:39:58""]].","/lang/security/injection/echoed-request.php","39","10","39","70"
"Reflected XSS","User input reaches a page output, enabling Reflected XSS.","error","This page output depends on a [[""user-provided value""|""relative:///lang/security/injection/printed-request.php:30:13:30:17""]].","/lang/security/injection/printed-request.php","33","14","33","30"
"Reflected XSS","User input reaches a page output, enabling Reflected XSS.","error","This page output depends on a [[""user-provided value""|""relative:///lang/security/injection/echoed-request.php:44:24:44:29""]].","/lang/security/injection/echoed-request.php","44","10","44","38"
"Reflected XSS","User input reaches a page output, enabling Reflected XSS.","error","This page output depends on a [[""user-provided value""|""relative:///lang/security/injection/echoed-request.php:48:11:48:15""]].","/lang/security/injection/echoed-request.php","51","14","51","17"
"Reflected XSS","User input reaches a page output, enabling Reflected XSS.","error","This page output depends on a [[""user-provided value""|""relative:///lang/security/injection/printed-request.php:39:54:39:59""]].","/lang/security/injection/printed-request.php","39","10","39","72"
"Reflected XSS","User input reaches a page output, enabling Reflected XSS.","error","This page output depends on a [[""user-provided value""|""relative:///lang/security/injection/echoed-request.php:56:12:56:16""]].","/lang/security/injection/echoed-request.php","59","15","59","18"
"Reflected XSS","User input reaches a page output, enabling Reflected XSS.","error","This page output depends on a [[""user-provided value""|""relative:///lang/security/injection/printed-request.php:44:25:44:30""]].","/lang/security/injection/printed-request.php","44","10","44","40"
"Reflected XSS","User input reaches a page output, enabling Reflected XSS.","error","This page output depends on a [[""user-provided value""|""relative:///lang/security/injection/printed-request.php:48:12:48:16""]].","/lang/security/injection/printed-request.php","51","15","51","20"
"Reflected XSS","User input reaches a page output, enabling Reflected XSS.","error","This page output depends on a [[""user-provided value""|""relative:///lang/security/injection/printed-request.php:56:13:56:17""]].","/lang/security/injection/printed-request.php","59","16","59","21"
"SQL injection","User input reaches a SQL query, enabling SQL injection.","error","This SQL query depends on a [[""user-provided value""|""relative:///doctrine/security/audit/doctrine-dbal-dangerous-query.php:22:83:22:87""]].","/doctrine/security/audit/doctrine-dbal-dangerous-query.php","22","37","22","105"
"SQL injection","User input reaches a SQL query, enabling SQL injection.","error","This SQL query depends on a [[""user-provided value""|""relative:///lang/security/injection/tainted-sql-string.php:7:49:7:53""]].","/lang/security/injection/tainted-sql-string.php","8","25","8","30"
"SQL injection","User input reaches a SQL query, enabling SQL injection.","error","This SQL query depends on a [[""user-provided value""|""relative:///lang/security/injection/tainted-sql-string.php:13:13:13:18""]].","/lang/security/injection/tainted-sql-string.php","16","25","16","30"
"SQL injection","User input reaches a SQL query, enabling SQL injection.","error","This SQL query depends on a [[""user-provided value""|""relative:///lang/security/injection/tainted-sql-string.php:22:48:22:56""]].","/lang/security/injection/tainted-sql-string.php","23","25","23","30"
"SQL injection","User input reaches a SQL query, enabling SQL injection.","error","This SQL query depends on a [[""user-provided value""|""relative:///lang/security/injection/tainted-sql-string.php:29:61:29:68""]].","/lang/security/injection/tainted-sql-string.php","30","25","30","30"
"SQL injection","User input reaches a SQL query, enabling SQL injection.","error","This SQL query depends on a [[""user-provided value""|""relative:///lang/security/injection/tainted-sql-string.php:37:39:37:43""]].","/lang/security/injection/tainted-sql-string.php","38","25","38","30"
"SQL injection","User input reaches a SQL query, enabling SQL injection.","error","This SQL query depends on a [[""user-provided value""|""relative:///laravel/security/laravel-sql-injection.php:3:12:3:16""]].","/laravel/security/laravel-sql-injection.php","8","16","8","69"
"SQL injection","User input reaches a SQL query, enabling SQL injection.","error","This SQL query depends on a [[""user-provided value""|""relative:///laravel/security/laravel-sql-injection.php:3:12:3:16""]].","/laravel/security/laravel-sql-injection.php","13","35","13","42"
"SQL injection","User input reaches a SQL query, enabling SQL injection.","error","This SQL query depends on a [[""user-provided value""|""relative:///laravel/security/laravel-sql-injection.php:3:12:3:16""]].","/laravel/security/laravel-sql-injection.php","15","37","15","44"
"SQL injection","User input reaches a SQL query, enabling SQL injection.","error","This SQL query depends on a [[""user-provided value""|""relative:///laravel/security/laravel-sql-injection.php:3:12:3:16""]].","/laravel/security/laravel-sql-injection.php","17","29","17","36"
"SQL injection","User input reaches a SQL query, enabling SQL injection.","error","This SQL query depends on a [[""user-provided value""|""relative:///laravel/security/laravel-sql-injection.php:3:12:3:16""]].","/laravel/security/laravel-sql-injection.php","21","37","21","44"
"SQL injection","User input reaches a SQL query, enabling SQL injection.","error","This SQL query depends on a [[""user-provided value""|""relative:///laravel/security/laravel-sql-injection.php:3:12:3:16""]].","/laravel/security/laravel-sql-injection.php","29","45","29","52"
"SQL injection","User input reaches a SQL query, enabling SQL injection.","error","This SQL query depends on a [[""user-provided value""|""relative:///laravel/security/laravel-sql-injection.php:3:12:3:16""]].","/laravel/security/laravel-sql-injection.php","31","42","31","49"
"SQL injection","User input reaches a SQL query, enabling SQL injection.","error","This SQL query depends on a [[""user-provided value""|""relative:///laravel/security/laravel-sql-injection.php:3:12:3:16""]].","/laravel/security/laravel-sql-injection.php","33","41","33","48"
"Server-side request forgery","User input reaches a outbound request, enabling Server-side request forgery.","error","This outbound request depends on a [[""user-provided value""|""relative:///lang/security/injection/tainted-url-host.php:17:23:17:27""]].
This outbound request depends on a [[""user-provided value""|""relative:///lang/security/injection/tainted-url-host.php:23:13:23:18""]].
This outbound request depends on a [[""user-provided value""|""relative:///lang/security/injection/tainted-url-host.php:32:22:32:30""]].
This outbound request depends on a [[""user-provided value""|""relative:///lang/security/injection/tainted-url-host.php:39:38:39:45""]].
This outbound request depends on a [[""user-provided value""|""relative:///lang/security/injection/tainted-url-host.php:48:38:48:42""]].
This outbound request depends on a [[""user-provided value""|""relative:///lang/security/injection/tainted-url-host.php:54:13:54:18""]].
This outbound request depends on a [[""user-provided value""|""relative:///lang/security/injection/tainted-url-host.php:63:37:63:45""]].
This outbound request depends on a [[""user-provided value""|""relative:///lang/security/injection/tainted-url-host.php:70:55:70:62""]].","/lang/security/injection/tainted-url-host.php","4","21","4","24"
"Server-side request forgery","User input reaches a outbound request, enabling Server-side request forgery.","error","This outbound request depends on a [[""user-provided value""|""relative:///lang/security/php-ssrf.php:5:25:5:29""]].","/lang/security/php-ssrf.php","5","25","5","34"
"Server-side request forgery","User input reaches a outbound request, enabling Server-side request forgery.","error","This outbound request depends on a [[""user-provided value""|""relative:///lang/security/php-ssrf.php:10:9:10:13""]].","/lang/security/php-ssrf.php","11","25","11","28"
"Server-side request forgery","User input reaches a outbound request, enabling Server-side request forgery.","error","This outbound request depends on a [[""user-provided value""|""relative:///lang/security/php-ssrf.php:17:39:17:44""]].","/lang/security/php-ssrf.php","17","39","17","57"
"Server-side request forgery","User input reaches a outbound request, enabling Server-side request forgery.","error","This outbound request depends on a [[""user-provided value""|""relative:///lang/security/php-ssrf.php:23:16:23:20""]].","/lang/security/php-ssrf.php","24","39","24","42"
"Server-side request forgery","User input reaches a outbound request, enabling Server-side request forgery.","error","This outbound request depends on a [[""user-provided value""|""relative:///wordpress-plugins/security/audit/wp-ssrf-audit.php:3:8:3:12""]].","/wordpress-plugins/security/audit/wp-ssrf-audit.php","5","27","5","30"
"Server-side request forgery","User input reaches a outbound request, enabling Server-side request forgery.","error","This outbound request depends on a [[""user-provided value""|""relative:///wordpress-plugins/security/audit/wp-ssrf-audit.php:7:8:7:12""]].","/wordpress-plugins/security/audit/wp-ssrf-audit.php","9","32","9","35"
"Server-side request forgery","User input reaches a outbound request, enabling Server-side request forgery.","error","This outbound request depends on a [[""user-provided value""|""relative:///wordpress-plugins/security/audit/wp-ssrf-audit.php:11:8:11:12""]].","/wordpress-plugins/security/audit/wp-ssrf-audit.php","13","36","13","39"
"Server-side request forgery","User input reaches a outbound request, enabling Server-side request forgery.","error","This outbound request depends on a [[""user-provided value""|""relative:///wordpress-plugins/security/audit/wp-ssrf-audit.php:15:8:15:12""]].","/wordpress-plugins/security/audit/wp-ssrf-audit.php","17","33","17","36"
"Server-side request forgery","User input reaches a outbound request, enabling Server-side request forgery.","error","This outbound request depends on a [[""user-provided value""|""relative:///wordpress-plugins/security/audit/wp-ssrf-audit.php:19:8:19:12""]].","/wordpress-plugins/security/audit/wp-ssrf-audit.php","21","27","21","30"
"Server-side request forgery","User input reaches a outbound request, enabling Server-side request forgery.","error","This outbound request depends on a [[""user-provided value""|""relative:///wordpress-plugins/security/audit/wp-ssrf-audit.php:23:8:23:12""]].","/wordpress-plugins/security/audit/wp-ssrf-audit.php","25","36","25","39"
"Server-side request forgery","User input reaches a outbound request, enabling Server-side request forgery.","error","This outbound request depends on a [[""user-provided value""|""relative:///wordpress-plugins/security/audit/wp-ssrf-audit.php:27:8:27:12""]].","/wordpress-plugins/security/audit/wp-ssrf-audit.php","29","33","29","36"
"Server-side request forgery","User input reaches a outbound request, enabling Server-side request forgery.","error","This outbound request depends on a [[""user-provided value""|""relative:///wordpress-plugins/security/audit/wp-ssrf-audit.php:32:27:32:32""]].","/wordpress-plugins/security/audit/wp-ssrf-audit.php","32","27","32","40"
"Server-side request forgery","User input reaches a outbound request, enabling Server-side request forgery.","error","This outbound request depends on a [[""user-provided value""|""relative:///wordpress-plugins/security/audit/wp-ssrf-audit.php:35:33:35:38""]].","/wordpress-plugins/security/audit/wp-ssrf-audit.php","35","33","35","46"
"Server-side request forgery","User input reaches a outbound request, enabling Server-side request forgery.","error","This outbound request depends on a [[""user-provided value""|""relative:///wordpress-plugins/security/audit/wp-ssrf-audit.php:38:27:38:35""]].","/wordpress-plugins/security/audit/wp-ssrf-audit.php","38","27","38","45"
"Server-side request forgery","User input reaches a outbound request, enabling Server-side request forgery.","error","This outbound request depends on a [[""user-provided value""|""relative:///wordpress-plugins/security/audit/wp-ssrf-audit.php:41:36:41:44""]].","/wordpress-plugins/security/audit/wp-ssrf-audit.php","41","36","41","54"
"Server-side request forgery","User input reaches a outbound request, enabling Server-side request forgery.","error","This outbound request depends on a [[""user-provided value""|""relative:///wordpress-plugins/security/audit/wp-ssrf-audit.php:51:8:51:36""]].","/wordpress-plugins/security/audit/wp-ssrf-audit.php","53","27","53","30"
"Unsafe deserialization","User input reaches a deserialization call, enabling Unsafe deserialization.","error","This deserialization call depends on a [[""user-provided value""|""relative:///lang/security/unserialize-use.php:3:9:3:13""]].","/lang/security/unserialize-use.php","5","23","5","27"
"Loose comparison of a hash or secret (type juggling)","Comparing a hash/secret with `==`/`!=` (instead of `===`/`hash_equals`) is subject to PHP type juggling (`""0e123"" == ""0e456""` is true), enabling authentication bypass.","error","Loose comparison ('==') of a hash/secret is subject to type juggling; use '===' or hash_equals().","/lang/security/md5-loose-equality.php","4","1","4","23"
"Loose comparison of a hash or secret (type juggling)","Comparing a hash/secret with `==`/`!=` (instead of `===`/`hash_equals`) is subject to PHP type juggling (`""0e123"" == ""0e456""` is true), enabling authentication bypass.","error","Loose comparison ('==') of a hash/secret is subject to type juggling; use '===' or hash_equals().","/lang/security/md5-loose-equality.php","7","1","7","21"
"Loose comparison of a hash or secret (type juggling)","Comparing a hash/secret with `==`/`!=` (instead of `===`/`hash_equals`) is subject to PHP type juggling (`""0e123"" == ""0e456""` is true), enabling authentication bypass.","error","Loose comparison ('==') of a hash/secret is subject to type juggling; use '===' or hash_equals().","/lang/security/md5-loose-equality.php","13","1","13","40"
"Loose comparison of a hash or secret (type juggling)","Comparing a hash/secret with `==`/`!=` (instead of `===`/`hash_equals`) is subject to PHP type juggling (`""0e123"" == ""0e456""` is true), enabling authentication bypass.","error","Loose comparison ('==') of a hash/secret is subject to type juggling; use '===' or hash_equals().","/lang/security/md5-loose-equality.php","25","1","25","19"
"Hard-coded cryptographic key","Using a hard-coded constant as a cryptographic key/salt/password compromises secrecy.","error","This crypto key is a [[""hard-coded constant""|""relative:///lang/security/base-convert-loses-precision.php:3:97:3:99""]].","/lang/security/base-convert-loses-precision.php","13","59","13","65"
"Dangerous function use (semgrep-audit parity)","Flags calls to dangerous/audit-worthy built-in functions, mirroring semgrep's presence-based PHP audit rules (eval-use, phpinfo-use, wp-*-audit, ...).","warning","Call to 'assert' (assert-use-audit).
Call to 'assert' (wp-code-execution-audit).","/lang/security/assert-use.php","6","1","6","16"
"Dangerous function use (semgrep-audit parity)","Flags calls to dangerous/audit-worthy built-in functions, mirroring semgrep's presence-based PHP audit rules (eval-use, phpinfo-use, wp-*-audit, ...).","warning","Call to 'assert' (assert-use-audit).
Call to 'assert' (wp-code-execution-audit).","/lang/security/assert-use.php","9","1","9","15"
"Dangerous function use (semgrep-audit parity)","Flags calls to dangerous/audit-worthy built-in functions, mirroring semgrep's presence-based PHP audit rules (eval-use, phpinfo-use, wp-*-audit, ...).","warning","Call to 'assert' (assert-use-audit).
Call to 'assert' (wp-code-execution-audit).","/lang/security/assert-use.php","12","1","12","20"
"Dangerous function use (semgrep-audit parity)","Flags calls to dangerous/audit-worthy built-in functions, mirroring semgrep's presence-based PHP audit rules (eval-use, phpinfo-use, wp-*-audit, ...).","warning","Call to 'assert' (assert-use-audit).
Call to 'assert' (wp-code-execution-audit).","/lang/security/assert-use.php","16","3","16","15"
"Dangerous function use (semgrep-audit parity)","Flags calls to dangerous/audit-worthy built-in functions, mirroring semgrep's presence-based PHP audit rules (eval-use, phpinfo-use, wp-*-audit, ...).","warning","Call to 'assert' (assert-use-audit).
Call to 'assert' (wp-code-execution-audit).","/lang/security/assert-use.php","19","3","19","17"
"Dangerous function use (semgrep-audit parity)","Flags calls to dangerous/audit-worthy built-in functions, mirroring semgrep's presence-based PHP audit rules (eval-use, phpinfo-use, wp-*-audit, ...).","warning","Call to 'assert' (assert-use-audit).
Call to 'assert' (wp-code-execution-audit).","/lang/security/assert-use.php","22","3","22","19"
"Dangerous function use (semgrep-audit parity)","Flags calls to dangerous/audit-worthy built-in functions, mirroring semgrep's presence-based PHP audit rules (eval-use, phpinfo-use, wp-*-audit, ...).","warning","Call to 'assert' (assert-use-audit).
Call to 'assert' (wp-code-execution-audit).","/lang/security/audit/assert-use-audit.php","4","1","4","19"
"Dangerous function use (semgrep-audit parity)","Flags calls to dangerous/audit-worthy built-in functions, mirroring semgrep's presence-based PHP audit rules (eval-use, phpinfo-use, wp-*-audit, ...).","warning","Call to 'assert' (assert-use-audit).
Call to 'assert' (wp-code-execution-audit).","/lang/security/audit/assert-use-audit.php","7","1","7","26"
"Dangerous function use (semgrep-audit parity)","Flags calls to dangerous/audit-worthy built-in functions, mirroring semgrep's presence-based PHP audit rules (eval-use, phpinfo-use, wp-*-audit, ...).","warning","Call to 'assert' (assert-use-audit).
Call to 'assert' (wp-code-execution-audit).","/lang/security/audit/assert-use-audit.php","10","1","10","22"
"Dangerous function use (semgrep-audit parity)","Flags calls to dangerous/audit-worthy built-in functions, mirroring semgrep's presence-based PHP audit rules (eval-use, phpinfo-use, wp-*-audit, ...).","warning","Call to 'assert' (assert-use-audit).
Call to 'assert' (wp-code-execution-audit).","/lang/security/audit/assert-use-audit.php","13","1","13","22"
"Dangerous function use (semgrep-audit parity)","Flags calls to dangerous/audit-worthy built-in functions, mirroring semgrep's presence-based PHP audit rules (eval-use, phpinfo-use, wp-*-audit, ...).","warning","Call to 'assert' (assert-use-audit).
Call to 'assert' (wp-code-execution-audit).","/lang/security/audit/assert-use-audit.php","16","1","16","15"
"Dangerous function use (semgrep-audit parity)","Flags calls to dangerous/audit-worthy built-in functions, mirroring semgrep's presence-based PHP audit rules (eval-use, phpinfo-use, wp-*-audit, ...).","warning","Call to 'assert' (assert-use-audit).
Call to 'assert' (wp-code-execution-audit).","/lang/security/audit/assert-use-audit.php","19","1","19","23"
"Dangerous function use (semgrep-audit parity)","Flags calls to dangerous/audit-worthy built-in functions, mirroring semgrep's presence-based PHP audit rules (eval-use, phpinfo-use, wp-*-audit, ...).","warning","Call to 'assert' (assert-use-audit).
Call to 'assert' (wp-code-execution-audit).","/lang/security/audit/assert-use-audit.php","22","1","22","26"
"Dangerous function use (semgrep-audit parity)","Flags calls to dangerous/audit-worthy built-in functions, mirroring semgrep's presence-based PHP audit rules (eval-use, phpinfo-use, wp-*-audit, ...).","warning","Call to 'assert' (assert-use-audit).
Call to 'assert' (wp-code-execution-audit).","/lang/security/audit/assert-use-audit.php","25","1","25","33"
"Dangerous function use (semgrep-audit parity)","Flags calls to dangerous/audit-worthy built-in functions, mirroring semgrep's presence-based PHP audit rules (eval-use, phpinfo-use, wp-*-audit, ...).","warning","Call to 'assert' (assert-use-audit).
Call to 'assert' (wp-code-execution-audit).","/lang/security/audit/assert-use-audit.php","28","1","28","26"
"Dangerous function use (semgrep-audit parity)","Flags calls to dangerous/audit-worthy built-in functions, mirroring semgrep's presence-based PHP audit rules (eval-use, phpinfo-use, wp-*-audit, ...).","warning","Call to 'assert' (assert-use-audit).
Call to 'assert' (wp-code-execution-audit).","/lang/security/audit/assert-use-audit.php","31","1","31","24"
"Dangerous function use (semgrep-audit parity)","Flags calls to dangerous/audit-worthy built-in functions, mirroring semgrep's presence-based PHP audit rules (eval-use, phpinfo-use, wp-*-audit, ...).","warning","Call to 'assert' (assert-use-audit).
Call to 'assert' (wp-code-execution-audit).","/lang/security/audit/assert-use-audit.php","34","1","34","32"
"Dangerous function use (semgrep-audit parity)","Flags calls to dangerous/audit-worthy built-in functions, mirroring semgrep's presence-based PHP audit rules (eval-use, phpinfo-use, wp-*-audit, ...).","warning","Call to 'assert' (assert-use-audit).
Call to 'assert' (wp-code-execution-audit).","/lang/security/audit/assert-use-audit.php","37","1","37","40"
"Dangerous function use (semgrep-audit parity)","Flags calls to dangerous/audit-worthy built-in functions, mirroring semgrep's presence-based PHP audit rules (eval-use, phpinfo-use, wp-*-audit, ...).","warning","Call to 'assert' (assert-use-audit).
Call to 'assert' (wp-code-execution-audit).","/lang/security/audit/assert-use-audit.php","40","1","40","39"
"Dangerous function use (semgrep-audit parity)","Flags calls to dangerous/audit-worthy built-in functions, mirroring semgrep's presence-based PHP audit rules (eval-use, phpinfo-use, wp-*-audit, ...).","warning","Call to 'assert' (assert-use-audit).
Call to 'assert' (wp-code-execution-audit).","/lang/security/audit/assert-use-audit.php","43","1","43","42"
"Dangerous function use (semgrep-audit parity)","Flags calls to dangerous/audit-worthy built-in functions, mirroring semgrep's presence-based PHP audit rules (eval-use, phpinfo-use, wp-*-audit, ...).","warning","Call to 'eval' (eval-use).
Call to 'eval' (wp-code-execution-audit).","/lang/security/eval-use.php","4","1","4","17"
"Dangerous function use (semgrep-audit parity)","Flags calls to dangerous/audit-worthy built-in functions, mirroring semgrep's presence-based PHP audit rules (eval-use, phpinfo-use, wp-*-audit, ...).","warning","Call to 'eval' (eval-use).
Call to 'eval' (wp-code-execution-audit).","/lang/security/eval-use.php","7","1","7","17"
"Dangerous function use (semgrep-audit parity)","Flags calls to dangerous/audit-worthy built-in functions, mirroring semgrep's presence-based PHP audit rules (eval-use, phpinfo-use, wp-*-audit, ...).","warning","Call to 'exec' (exec-use).
Call to 'exec' (wp-command-execution-audit).","/lang/security/exec-use.php","4","1","4","17"
"Dangerous function use (semgrep-audit parity)","Flags calls to dangerous/audit-worthy built-in functions, mirroring semgrep's presence-based PHP audit rules (eval-use, phpinfo-use, wp-*-audit, ...).","warning","Call to 'exec' (exec-use).
Call to 'exec' (wp-command-execution-audit).","/lang/security/exec-use.php","7","1","7","14"
"Dangerous function use (semgrep-audit parity)","Flags calls to dangerous/audit-worthy built-in functions, mirroring semgrep's presence-based PHP audit rules (eval-use, phpinfo-use, wp-*-audit, ...).","warning","Call to 'passthru' (exec-use).
Call to 'passthru' (wp-command-execution-audit).","/lang/security/exec-use.php","10","1","10","21"
"Dangerous function use (semgrep-audit parity)","Flags calls to dangerous/audit-worthy built-in functions, mirroring semgrep's presence-based PHP audit rules (eval-use, phpinfo-use, wp-*-audit, ...).","warning","Call to 'proc_open' (exec-use).
Call to 'proc_open' (wp-command-execution-audit).","/lang/security/exec-use.php","13","9","13","48"
"Dangerous function use (semgrep-audit parity)","Flags calls to dangerous/audit-worthy built-in functions, mirroring semgrep's presence-based PHP audit rules (eval-use, phpinfo-use, wp-*-audit, ...).","warning","Call to 'popen' (exec-use).
Call to 'popen' (wp-command-execution-audit).","/lang/security/exec-use.php","16","11","16","33"
"Dangerous function use (semgrep-audit parity)","Flags calls to dangerous/audit-worthy built-in functions, mirroring semgrep's presence-based PHP audit rules (eval-use, phpinfo-use, wp-*-audit, ...).","warning","Call to 'shell_exec' (exec-use).
Call to 'shell_exec' (wp-command-execution-audit).","/lang/security/exec-use.php","19","11","19","33"
"Dangerous function use (semgrep-audit parity)","Flags calls to dangerous/audit-worthy built-in functions, mirroring semgrep's presence-based PHP audit rules (eval-use, phpinfo-use, wp-*-audit, ...).","warning","Call to 'system' (exec-use).
Call to 'system' (wp-command-execution-audit).","/lang/security/exec-use.php","22","11","22","38"
"Dangerous function use (semgrep-audit parity)","Flags calls to dangerous/audit-worthy built-in functions, mirroring semgrep's presence-based PHP audit rules (eval-use, phpinfo-use, wp-*-audit, ...).","warning","Call to 'ftp_connect' (ftp-use).","/lang/security/ftp-use.php","4","12","4","35"
"Dangerous function use (semgrep-audit parity)","Flags calls to dangerous/audit-worthy built-in functions, mirroring semgrep's presence-based PHP audit rules (eval-use, phpinfo-use, wp-*-audit, ...).","warning","Call to 'pcntl_exec' (exec-use).","/lang/security/exec-use.php","25","1","25","17"
"Dangerous function use (semgrep-audit parity)","Flags calls to dangerous/audit-worthy built-in functions, mirroring semgrep's presence-based PHP audit rules (eval-use, phpinfo-use, wp-*-audit, ...).","warning","Call to 'ftp_login' (ftp-use).","/lang/security/ftp-use.php","7","17","7","67"
"Dangerous function use (semgrep-audit parity)","Flags calls to dangerous/audit-worthy built-in functions, mirroring semgrep's presence-based PHP audit rules (eval-use, phpinfo-use, wp-*-audit, ...).","warning","File inclusion construct (wp-file-inclusion-audit).","/lang/security/file-inclusion.php","6","1","6","20"
"Dangerous function use (semgrep-audit parity)","Flags calls to dangerous/audit-worthy built-in functions, mirroring semgrep's presence-based PHP audit rules (eval-use, phpinfo-use, wp-*-audit, ...).","warning","File inclusion construct (wp-file-inclusion-audit).","/lang/security/file-inclusion.php","9","1","9","23"
"Dangerous function use (semgrep-audit parity)","Flags calls to dangerous/audit-worthy built-in functions, mirroring semgrep's presence-based PHP audit rules (eval-use, phpinfo-use, wp-*-audit, ...).","warning","File inclusion construct (wp-file-inclusion-audit).","/lang/security/file-inclusion.php","12","1","12","25"
"Dangerous function use (semgrep-audit parity)","Flags calls to dangerous/audit-worthy built-in functions, mirroring semgrep's presence-based PHP audit rules (eval-use, phpinfo-use, wp-*-audit, ...).","warning","File inclusion construct (wp-file-inclusion-audit).","/lang/security/file-inclusion.php","15","1","15","28"
"Dangerous function use (semgrep-audit parity)","Flags calls to dangerous/audit-worthy built-in functions, mirroring semgrep's presence-based PHP audit rules (eval-use, phpinfo-use, wp-*-audit, ...).","warning","File inclusion construct (wp-file-inclusion-audit).","/lang/security/file-inclusion.php","18","1","18","20"
"Dangerous function use (semgrep-audit parity)","Flags calls to dangerous/audit-worthy built-in functions, mirroring semgrep's presence-based PHP audit rules (eval-use, phpinfo-use, wp-*-audit, ...).","warning","File inclusion construct (wp-file-inclusion-audit).","/lang/security/file-inclusion.php","21","1","21","23"
"Dangerous function use (semgrep-audit parity)","Flags calls to dangerous/audit-worthy built-in functions, mirroring semgrep's presence-based PHP audit rules (eval-use, phpinfo-use, wp-*-audit, ...).","warning","File inclusion construct (wp-file-inclusion-audit).","/lang/security/file-inclusion.php","24","1","24","25"
"Dangerous function use (semgrep-audit parity)","Flags calls to dangerous/audit-worthy built-in functions, mirroring semgrep's presence-based PHP audit rules (eval-use, phpinfo-use, wp-*-audit, ...).","warning","File inclusion construct (wp-file-inclusion-audit).","/lang/security/file-inclusion.php","27","1","27","28"
"Dangerous function use (semgrep-audit parity)","Flags calls to dangerous/audit-worthy built-in functions, mirroring semgrep's presence-based PHP audit rules (eval-use, phpinfo-use, wp-*-audit, ...).","warning","File inclusion construct (wp-file-inclusion-audit).","/lang/security/file-inclusion.php","30","1","30","30"
"Dangerous function use (semgrep-audit parity)","Flags calls to dangerous/audit-worthy built-in functions, mirroring semgrep's presence-based PHP audit rules (eval-use, phpinfo-use, wp-*-audit, ...).","warning","File inclusion construct (wp-file-inclusion-audit).","/lang/security/file-inclusion.php","33","1","33","33"
"Dangerous function use (semgrep-audit parity)","Flags calls to dangerous/audit-worthy built-in functions, mirroring semgrep's presence-based PHP audit rules (eval-use, phpinfo-use, wp-*-audit, ...).","warning","File inclusion construct (wp-file-inclusion-audit).","/lang/security/file-inclusion.php","39","1","39","42"
"Dangerous function use (semgrep-audit parity)","Flags calls to dangerous/audit-worthy built-in functions, mirroring semgrep's presence-based PHP audit rules (eval-use, phpinfo-use, wp-*-audit, ...).","warning","File inclusion construct (wp-file-inclusion-audit).","/lang/security/file-inclusion.php","42","1","42","50"
"Dangerous function use (semgrep-audit parity)","Flags calls to dangerous/audit-worthy built-in functions, mirroring semgrep's presence-based PHP audit rules (eval-use, phpinfo-use, wp-*-audit, ...).","warning","File inclusion construct (wp-file-inclusion-audit).","/lang/security/file-inclusion.php","46","1","46","17"
"Dangerous function use (semgrep-audit parity)","Flags calls to dangerous/audit-worthy built-in functions, mirroring semgrep's presence-based PHP audit rules (eval-use, phpinfo-use, wp-*-audit, ...).","warning","Call to 'fread' (wp-file-download-audit).
Call to 'fread' (wp-file-inclusion-audit).","/lang/security/base-convert-loses-precision.php","77","49","77","60"
"Dangerous function use (semgrep-audit parity)","Flags calls to dangerous/audit-worthy built-in functions, mirroring semgrep's presence-based PHP audit rules (eval-use, phpinfo-use, wp-*-audit, ...).","warning","Call to 'system' (exec-use).
Call to 'system' (wp-command-execution-audit).","/lang/security/injection/tainted-exec.php","6","1","6","23"
"Dangerous function use (semgrep-audit parity)","Flags calls to dangerous/audit-worthy built-in functions, mirroring semgrep's presence-based PHP audit rules (eval-use, phpinfo-use, wp-*-audit, ...).","warning","Call to 'system' (exec-use).
Call to 'system' (wp-command-execution-audit).","/lang/security/injection/tainted-exec.php","10","1","10","21"
"Dangerous function use (semgrep-audit parity)","Flags calls to dangerous/audit-worthy built-in functions, mirroring semgrep's presence-based PHP audit rules (eval-use, phpinfo-use, wp-*-audit, ...).","warning","Call to 'file' (wp-file-download-audit).","/lang/security/injection/tainted-filename.php","8","1","8","14"
"Dangerous function use (semgrep-audit parity)","Flags calls to dangerous/audit-worthy built-in functions, mirroring semgrep's presence-based PHP audit rules (eval-use, phpinfo-use, wp-*-audit, ...).","warning","Call to 'proc_open' (exec-use).
Call to 'proc_open' (wp-command-execution-audit).","/lang/security/injection/tainted-exec.php","16","6","16","53"
"Dangerous function use (semgrep-audit parity)","Flags calls to dangerous/audit-worthy built-in functions, mirroring semgrep's presence-based PHP audit rules (eval-use, phpinfo-use, wp-*-audit, ...).","warning","Call to 'proc_open' (exec-use).
Call to 'proc_open' (wp-command-execution-audit).","/lang/security/injection/tainted-exec.php","20","6","20","56"
"Dangerous function use (semgrep-audit parity)","Flags calls to dangerous/audit-worthy built-in functions, mirroring semgrep's presence-based PHP audit rules (eval-use, phpinfo-use, wp-*-audit, ...).","warning","Call to 'file' (wp-file-download-audit).","/lang/security/injection/tainted-filename.php","14","1","14","23"
"Dangerous function use (semgrep-audit parity)","Flags calls to dangerous/audit-worthy built-in functions, mirroring semgrep's presence-based PHP audit rules (eval-use, phpinfo-use, wp-*-audit, ...).","warning","Call to 'file' (wp-file-download-audit).","/lang/security/injection/tainted-filename.php","18","1","18","24"
"Dangerous function use (semgrep-audit parity)","Flags calls to dangerous/audit-worthy built-in functions, mirroring semgrep's presence-based PHP audit rules (eval-use, phpinfo-use, wp-*-audit, ...).","warning","Call to 'mcrypt_create_iv' (mcrypt-use).","/lang/security/mcrypt-use.php","7","1","7","39"
"Dangerous function use (semgrep-audit parity)","Flags calls to dangerous/audit-worthy built-in functions, mirroring semgrep's presence-based PHP audit rules (eval-use, phpinfo-use, wp-*-audit, ...).","warning","Call to 'mdecrypt_generic' (mcrypt-use).","/lang/security/mcrypt-use.php","10","1","10","27"
"Dangerous function use (semgrep-audit parity)","Flags calls to dangerous/audit-worthy built-in functions, mirroring semgrep's presence-based PHP audit rules (eval-use, phpinfo-use, wp-*-audit, ...).","warning","Call to 'phpinfo' (phpinfo-use).","/lang/security/phpinfo-use.php","4","6","4","14"
"Dangerous function use (semgrep-audit parity)","Flags calls to dangerous/audit-worthy built-in functions, mirroring semgrep's presence-based PHP audit rules (eval-use, phpinfo-use, wp-*-audit, ...).","warning","Call to 'exec' (exec-use).
Call to 'exec' (wp-command-execution-audit).","/lang/security/tainted-exec.php","5","1","5","37"
"Dangerous function use (semgrep-audit parity)","Flags calls to dangerous/audit-worthy built-in functions, mirroring semgrep's presence-based PHP audit rules (eval-use, phpinfo-use, wp-*-audit, ...).","warning","Call to 'shell_exec' (exec-use).
Call to 'shell_exec' (wp-command-execution-audit).","/lang/security/tainted-exec.php","10","18","10","70"
"Dangerous function use (semgrep-audit parity)","Flags calls to dangerous/audit-worthy built-in functions, mirroring semgrep's presence-based PHP audit rules (eval-use, phpinfo-use, wp-*-audit, ...).","warning","Call to 'system' (exec-use).
Call to 'system' (wp-command-execution-audit).","/lang/security/tainted-exec.php","16","1","16","12"
"Dangerous function use (semgrep-audit parity)","Flags calls to dangerous/audit-worthy built-in functions, mirroring semgrep's presence-based PHP audit rules (eval-use, phpinfo-use, wp-*-audit, ...).","warning","Call to 'file_get_contents' (wp-file-download-audit).","/lang/security/tainted-exec.php","21","34","21","82"
"Dangerous function use (semgrep-audit parity)","Flags calls to dangerous/audit-worthy built-in functions, mirroring semgrep's presence-based PHP audit rules (eval-use, phpinfo-use, wp-*-audit, ...).","warning","Call to 'fopen' (wp-file-download-audit).","/lang/security/php-ssrf.php","30","17","30","33"
"Dangerous function use (semgrep-audit parity)","Flags calls to dangerous/audit-worthy built-in functions, mirroring semgrep's presence-based PHP audit rules (eval-use, phpinfo-use, wp-*-audit, ...).","warning","Call to 'exec' (exec-use).
Call to 'exec' (wp-command-execution-audit).","/lang/security/tainted-exec.php","28","1","28","14"
"Dangerous function use (semgrep-audit parity)","Flags calls to dangerous/audit-worthy built-in functions, mirroring semgrep's presence-based PHP audit rules (eval-use, phpinfo-use, wp-*-audit, ...).","warning","Call to 'unlink' (unlink-use).
Call to 'unlink' (wp-file-manipulation-audit).","/lang/security/unlink-use.php","5","1","5","37"
"Dangerous function use (semgrep-audit parity)","Flags calls to dangerous/audit-worthy built-in functions, mirroring semgrep's presence-based PHP audit rules (eval-use, phpinfo-use, wp-*-audit, ...).","warning","Call to 'fopen' (wp-file-download-audit).","/lang/security/php-ssrf.php","35","17","35","40"
"Dangerous function use (semgrep-audit parity)","Flags calls to dangerous/audit-worthy built-in functions, mirroring semgrep's presence-based PHP audit rules (eval-use, phpinfo-use, wp-*-audit, ...).","warning","Call to 'unlink' (unlink-use).
Call to 'unlink' (wp-file-manipulation-audit).","/lang/security/unlink-use.php","8","1","8","30"
"Dangerous function use (semgrep-audit parity)","Flags calls to dangerous/audit-worthy built-in functions, mirroring semgrep's presence-based PHP audit rules (eval-use, phpinfo-use, wp-*-audit, ...).","warning","Call to 'file_get_contents' (wp-file-download-audit).","/lang/security/php-ssrf.php","41","17","41","39"
"Dangerous function use (semgrep-audit parity)","Flags calls to dangerous/audit-worthy built-in functions, mirroring semgrep's presence-based PHP audit rules (eval-use, phpinfo-use, wp-*-audit, ...).","warning","Call to 'file_get_contents' (wp-file-download-audit).","/lang/security/php-ssrf.php","46","17","46","46"
"Dangerous function use (semgrep-audit parity)","Flags calls to dangerous/audit-worthy built-in functions, mirroring semgrep's presence-based PHP audit rules (eval-use, phpinfo-use, wp-*-audit, ...).","warning","Call to 'popen' (exec-use).
Call to 'popen' (wp-command-execution-audit).","/lang/security/tainted-exec.php","37","8","37","23"
"Dangerous function use (semgrep-audit parity)","Flags calls to dangerous/audit-worthy built-in functions, mirroring semgrep's presence-based PHP audit rules (eval-use, phpinfo-use, wp-*-audit, ...).","warning","Call to 'unserialize' (unserialize-use).
Call to 'unserialize' (wp-php-object-injection-audit).","/lang/security/unserialize-use.php","5","11","5","28"
"Dangerous function use (semgrep-audit parity)","Flags calls to dangerous/audit-worthy built-in functions, mirroring semgrep's presence-based PHP audit rules (eval-use, phpinfo-use, wp-*-audit, ...).","warning","Call to 'file_get_contents' (wp-file-download-audit).","/lang/security/php-ssrf.php","51","17","51","46"
"Dangerous function use (semgrep-audit parity)","Flags calls to dangerous/audit-worthy built-in functions, mirroring semgrep's presence-based PHP audit rules (eval-use, phpinfo-use, wp-*-audit, ...).","warning","Call to 'unserialize' (unserialize-use).
Call to 'unserialize' (wp-php-object-injection-audit).","/lang/security/unserialize-use.php","8","12","8","60"
"Dangerous function use (semgrep-audit parity)","Flags calls to dangerous/audit-worthy built-in functions, mirroring semgrep's presence-based PHP audit rules (eval-use, phpinfo-use, wp-*-audit, ...).","warning","Call to 'fopen' (wp-file-download-audit).","/lang/security/php-ssrf.php","57","17","57","44"
"Dangerous function use (semgrep-audit parity)","Flags calls to dangerous/audit-worthy built-in functions, mirroring semgrep's presence-based PHP audit rules (eval-use, phpinfo-use, wp-*-audit, ...).","warning","CSRF protection disabled (symfony-csrf-protection-disabled).","/symfony/security/audit/symfony-csrf-protection-disabled.php","19","7","19","32"
"Dangerous function use (semgrep-audit parity)","Flags calls to dangerous/audit-worthy built-in functions, mirroring semgrep's presence-based PHP audit rules (eval-use, phpinfo-use, wp-*-audit, ...).","warning","CSRF protection disabled (symfony-csrf-protection-disabled).","/symfony/security/audit/symfony-csrf-protection-disabled.php","24","7","24","32"
"Dangerous function use (semgrep-audit parity)","Flags calls to dangerous/audit-worthy built-in functions, mirroring semgrep's presence-based PHP audit rules (eval-use, phpinfo-use, wp-*-audit, ...).","warning","Permissive CORS wildcard origin (symfony-permissive-cors).","/symfony/security/audit/symfony-permissive-cors.php","7","57","7","92"
"Dangerous function use (semgrep-audit parity)","Flags calls to dangerous/audit-worthy built-in functions, mirroring semgrep's presence-based PHP audit rules (eval-use, phpinfo-use, wp-*-audit, ...).","warning","CSRF protection disabled (symfony-csrf-protection-disabled).","/symfony/security/audit/symfony-csrf-protection-disabled.php","31","7","31","32"
"Dangerous function use (semgrep-audit parity)","Flags calls to dangerous/audit-worthy built-in functions, mirroring semgrep's presence-based PHP audit rules (eval-use, phpinfo-use, wp-*-audit, ...).","warning","Call to 'add_action' (wp-ajax-no-auth-and-auth-hooks-audit).","/wordpress-plugins/security/audit/wp-ajax-no-auth-and-auth-hooks-audit.php","4","1","4","50"
"Dangerous function use (semgrep-audit parity)","Flags calls to dangerous/audit-worthy built-in functions, mirroring semgrep's presence-based PHP audit rules (eval-use, phpinfo-use, wp-*-audit, ...).","warning","Call to 'add_action' (wp-ajax-no-auth-and-auth-hooks-audit).","/wordpress-plugins/security/audit/wp-ajax-no-auth-and-auth-hooks-audit.php","7","1","7","54"
"Dangerous function use (semgrep-audit parity)","Flags calls to dangerous/audit-worthy built-in functions, mirroring semgrep's presence-based PHP audit rules (eval-use, phpinfo-use, wp-*-audit, ...).","warning","Call to 'add_action' (wp-ajax-no-auth-and-auth-hooks-audit).","/wordpress-plugins/security/audit/wp-ajax-no-auth-and-auth-hooks-audit.php","10","1","10","52"
"Dangerous function use (semgrep-audit parity)","Flags calls to dangerous/audit-worthy built-in functions, mirroring semgrep's presence-based PHP audit rules (eval-use, phpinfo-use, wp-*-audit, ...).","warning","Permissive CORS wildcard origin (symfony-permissive-cors).","/symfony/security/audit/symfony-permissive-cors.php","10","62","10","97"
"Dangerous function use (semgrep-audit parity)","Flags calls to dangerous/audit-worthy built-in functions, mirroring semgrep's presence-based PHP audit rules (eval-use, phpinfo-use, wp-*-audit, ...).","warning","Permissive CORS wildcard origin (symfony-permissive-cors).","/symfony/security/audit/symfony-permissive-cors.php","13","62","13","97"
"Dangerous function use (semgrep-audit parity)","Flags calls to dangerous/audit-worthy built-in functions, mirroring semgrep's presence-based PHP audit rules (eval-use, phpinfo-use, wp-*-audit, ...).","warning","Permissive CORS wildcard origin (symfony-permissive-cors).","/symfony/security/audit/symfony-permissive-cors.php","16","60","16","95"
"Dangerous function use (semgrep-audit parity)","Flags calls to dangerous/audit-worthy built-in functions, mirroring semgrep's presence-based PHP audit rules (eval-use, phpinfo-use, wp-*-audit, ...).","warning","Call to 'is_admin' (wp-authorisation-checks-audit).","/wordpress-plugins/security/audit/wp-authorisation-checks-audit.php","4","6","4","15"
"Dangerous function use (semgrep-audit parity)","Flags calls to dangerous/audit-worthy built-in functions, mirroring semgrep's presence-based PHP audit rules (eval-use, phpinfo-use, wp-*-audit, ...).","warning","Call to 'is_user_logged_in' (wp-authorisation-checks-audit).","/wordpress-plugins/security/audit/wp-authorisation-checks-audit.php","8","8","8","26"
"Dangerous function use (semgrep-audit parity)","Flags calls to dangerous/audit-worthy built-in functions, mirroring semgrep's presence-based PHP audit rules (eval-use, phpinfo-use, wp-*-audit, ...).","warning","Call to 'current_user_can' (wp-authorisation-checks-audit).","/wordpress-plugins/security/audit/wp-authorisation-checks-audit.php","11","8","11","46"
"Dangerous function use (semgrep-audit parity)","Flags calls to dangerous/audit-worthy built-in functions, mirroring semgrep's presence-based PHP audit rules (eval-use, phpinfo-use, wp-*-audit, ...).","warning","CSRF protection disabled (symfony-csrf-protection-disabled).","/symfony/security/audit/symfony-csrf-protection-disabled.php","55","54","55","79"
"Dangerous function use (semgrep-audit parity)","Flags calls to dangerous/audit-worthy built-in functions, mirroring semgrep's presence-based PHP audit rules (eval-use, phpinfo-use, wp-*-audit, ...).","warning","Permissive CORS wildcard origin (symfony-permissive-cors).","/symfony/security/audit/symfony-permissive-cors.php","25","1","25","67"
"Dangerous function use (semgrep-audit parity)","Flags calls to dangerous/audit-worthy built-in functions, mirroring semgrep's presence-based PHP audit rules (eval-use, phpinfo-use, wp-*-audit, ...).","warning","CSRF protection disabled (symfony-csrf-protection-disabled).","/symfony/security/audit/symfony-csrf-protection-disabled.php","58","80","58","105"
"Dangerous function use (semgrep-audit parity)","Flags calls to dangerous/audit-worthy built-in functions, mirroring semgrep's presence-based PHP audit rules (eval-use, phpinfo-use, wp-*-audit, ...).","warning","Call to 'eval' (eval-use).
Call to 'eval' (wp-code-execution-audit).","/wordpress-plugins/security/audit/wp-code-execution-audit.php","4","17","4","56"
"Dangerous function use (semgrep-audit parity)","Flags calls to dangerous/audit-worthy built-in functions, mirroring semgrep's presence-based PHP audit rules (eval-use, phpinfo-use, wp-*-audit, ...).","warning","CSRF protection disabled (symfony-csrf-protection-disabled).","/symfony/security/audit/symfony-csrf-protection-disabled.php","62","54","62","85"
"Dangerous function use (semgrep-audit parity)","Flags calls to dangerous/audit-worthy built-in functions, mirroring semgrep's presence-based PHP audit rules (eval-use, phpinfo-use, wp-*-audit, ...).","warning","Call to 'call_user_func' (wp-code-execution-audit).","/wordpress-plugins/security/audit/wp-code-execution-audit.php","7","8","7","36"
"Dangerous function use (semgrep-audit parity)","Flags calls to dangerous/audit-worthy built-in functions, mirroring semgrep's presence-based PHP audit rules (eval-use, phpinfo-use, wp-*-audit, ...).","warning","CSRF protection disabled (symfony-csrf-protection-disabled).","/symfony/security/audit/symfony-csrf-protection-disabled.php","65","49","65","74"
"Dangerous function use (semgrep-audit parity)","Flags calls to dangerous/audit-worthy built-in functions, mirroring semgrep's presence-based PHP audit rules (eval-use, phpinfo-use, wp-*-audit, ...).","warning","Call to 'exec' (exec-use).
Call to 'exec' (wp-command-execution-audit).","/wordpress-plugins/security/audit/wp-command-execution-audit.php","4","1","4","30"
"Dangerous function use (semgrep-audit parity)","Flags calls to dangerous/audit-worthy built-in functions, mirroring semgrep's presence-based PHP audit rules (eval-use, phpinfo-use, wp-*-audit, ...).","warning","Call to 'shell_exec' (exec-use).
Call to 'shell_exec' (wp-command-execution-audit).","/wordpress-plugins/security/audit/wp-command-execution-audit.php","7","11","7","30"
"Dangerous function use (semgrep-audit parity)","Flags calls to dangerous/audit-worthy built-in functions, mirroring semgrep's presence-based PHP audit rules (eval-use, phpinfo-use, wp-*-audit, ...).","warning","CSRF protection disabled (symfony-csrf-protection-disabled).","/symfony/security/audit/symfony-csrf-protection-disabled.php","88","7","88","32"
"Dangerous function use (semgrep-audit parity)","Flags calls to dangerous/audit-worthy built-in functions, mirroring semgrep's presence-based PHP audit rules (eval-use, phpinfo-use, wp-*-audit, ...).","warning","CSRF protection disabled (symfony-csrf-protection-disabled).","/symfony/security/audit/symfony-csrf-protection-disabled.php","93","7","93","32"
"Dangerous function use (semgrep-audit parity)","Flags calls to dangerous/audit-worthy built-in functions, mirroring semgrep's presence-based PHP audit rules (eval-use, phpinfo-use, wp-*-audit, ...).","warning","CSRF protection disabled (symfony-csrf-protection-disabled).","/symfony/security/audit/symfony-csrf-protection-disabled.php","99","7","99","32"
"Dangerous function use (semgrep-audit parity)","Flags calls to dangerous/audit-worthy built-in functions, mirroring semgrep's presence-based PHP audit rules (eval-use, phpinfo-use, wp-*-audit, ...).","warning","Call to 'check_ajax_referer' (wp-csrf-audit).","/wordpress-plugins/security/audit/wp-csrf-audit.php","4","1","4","53"
"Dangerous function use (semgrep-audit parity)","Flags calls to dangerous/audit-worthy built-in functions, mirroring semgrep's presence-based PHP audit rules (eval-use, phpinfo-use, wp-*-audit, ...).","warning","Call to 'file_get_contents' (wp-file-download-audit).","/wordpress-plugins/security/audit/wp-file-download-audit.php","4","9","4","42"
"Dangerous function use (semgrep-audit parity)","Flags calls to dangerous/audit-worthy built-in functions, mirroring semgrep's presence-based PHP audit rules (eval-use, phpinfo-use, wp-*-audit, ...).","warning","Call to 'check_ajax_referer' (wp-csrf-audit).","/wordpress-plugins/security/audit/wp-csrf-audit.php","7","1","7","52"
"Dangerous function use (semgrep-audit parity)","Flags calls to dangerous/audit-worthy built-in functions, mirroring semgrep's presence-based PHP audit rules (eval-use, phpinfo-use, wp-*-audit, ...).","warning","Call to 'readfile' (wp-file-download-audit).","/wordpress-plugins/security/audit/wp-file-download-audit.php","7","1","7","19"
"Dangerous function use (semgrep-audit parity)","Flags calls to dangerous/audit-worthy built-in functions, mirroring semgrep's presence-based PHP audit rules (eval-use, phpinfo-use, wp-*-audit, ...).","warning","Call to 'check_ajax_referer' (wp-csrf-audit).","/wordpress-plugins/security/audit/wp-csrf-audit.php","11","1","11","46"
"Dangerous function use (semgrep-audit parity)","Flags calls to dangerous/audit-worthy built-in functions, mirroring semgrep's presence-based PHP audit rules (eval-use, phpinfo-use, wp-*-audit, ...).","warning","Call to 'file' (wp-file-download-audit).","/wordpress-plugins/security/audit/wp-file-download-audit.php","10","20","10","90"
"Dangerous function use (semgrep-audit parity)","Flags calls to dangerous/audit-worthy built-in functions, mirroring semgrep's presence-based PHP audit rules (eval-use, phpinfo-use, wp-*-audit, ...).","warning","File inclusion construct (wp-file-inclusion-audit).","/wordpress-plugins/security/audit/wp-file-inclusion-audit.php","4","1","4","16"
"Dangerous function use (semgrep-audit parity)","Flags calls to dangerous/audit-worthy built-in functions, mirroring semgrep's presence-based PHP audit rules (eval-use, phpinfo-use, wp-*-audit, ...).","warning","File inclusion construct (wp-file-inclusion-audit).","/wordpress-plugins/security/audit/wp-file-inclusion-audit.php","7","1","7","53"
"Dangerous function use (semgrep-audit parity)","Flags calls to dangerous/audit-worthy built-in functions, mirroring semgrep's presence-based PHP audit rules (eval-use, phpinfo-use, wp-*-audit, ...).","warning","Call to 'wp_delete_file' (wp-file-manipulation-audit).","/wordpress-plugins/security/audit/wp-file-manipulation-audit.php","4","1","4","28"
"Dangerous function use (semgrep-audit parity)","Flags calls to dangerous/audit-worthy built-in functions, mirroring semgrep's presence-based PHP audit rules (eval-use, phpinfo-use, wp-*-audit, ...).","warning","Call to 'unlink' (unlink-use).
Call to 'unlink' (wp-file-manipulation-audit).","/wordpress-plugins/security/audit/wp-file-manipulation-audit.php","7","1","7","18"
"Dangerous function use (semgrep-audit parity)","Flags calls to dangerous/audit-worthy built-in functions, mirroring semgrep's presence-based PHP audit rules (eval-use, phpinfo-use, wp-*-audit, ...).","warning","File inclusion construct (wp-file-inclusion-audit).","/wordpress-plugins/security/audit/wp-file-inclusion-audit.php","10","1","10","33"
"Dangerous function use (semgrep-audit parity)","Flags calls to dangerous/audit-worthy built-in functions, mirroring semgrep's presence-based PHP audit rules (eval-use, phpinfo-use, wp-*-audit, ...).","warning","Call to 'wp_redirect' (wp-open-redirect-audit).","/wordpress-plugins/security/audit/wp-open-redirect-audit.php","6","1","6","18"
"Dangerous function use (semgrep-audit parity)","Flags calls to dangerous/audit-worthy built-in functions, mirroring semgrep's presence-based PHP audit rules (eval-use, phpinfo-use, wp-*-audit, ...).","warning","File inclusion construct (wp-file-inclusion-audit).","/wordpress-plugins/security/audit/wp-file-inclusion-audit.php","13","1","13","37"
"Dangerous function use (semgrep-audit parity)","Flags calls to dangerous/audit-worthy built-in functions, mirroring semgrep's presence-based PHP audit rules (eval-use, phpinfo-use, wp-*-audit, ...).","warning","Call to 'fread' (wp-file-download-audit).
Call to 'fread' (wp-file-inclusion-audit).","/wordpress-plugins/security/audit/wp-file-inclusion-audit.php","16","26","16","69"
"Dangerous function use (semgrep-audit parity)","Flags calls to dangerous/audit-worthy built-in functions, mirroring semgrep's presence-based PHP audit rules (eval-use, phpinfo-use, wp-*-audit, ...).","warning","Call to 'fread' (wp-file-download-audit).
Call to 'fread' (wp-file-inclusion-audit).","/wordpress-plugins/security/audit/wp-file-inclusion-audit.php","19","18","19","62"
"Dangerous function use (semgrep-audit parity)","Flags calls to dangerous/audit-worthy built-in functions, mirroring semgrep's presence-based PHP audit rules (eval-use, phpinfo-use, wp-*-audit, ...).","warning","Call to method 'get_var' (wp-sql-injection-audit).","/wordpress-plugins/security/audit/wp-sql-injection-audit.php","4","11","4","133"
"Dangerous function use (semgrep-audit parity)","Flags calls to dangerous/audit-worthy built-in functions, mirroring semgrep's presence-based PHP audit rules (eval-use, phpinfo-use, wp-*-audit, ...).","warning","Call to 'unserialize' (unserialize-use).
Call to 'unserialize' (wp-php-object-injection-audit).","/wordpress-plugins/security/audit/wp-php-object-injection-audit.php","4","12","4","45"
"Dangerous function use (semgrep-audit parity)","Flags calls to dangerous/audit-worthy built-in functions, mirroring semgrep's presence-based PHP audit rules (eval-use, phpinfo-use, wp-*-audit, ...).","warning","Call to 'unserialize' (unserialize-use).
Call to 'unserialize' (wp-php-object-injection-audit).","/wordpress-plugins/security/audit/wp-php-object-injection-audit.php","7","12","7","35"
"Dangerous function use (semgrep-audit parity)","Flags calls to dangerous/audit-worthy built-in functions, mirroring semgrep's presence-based PHP audit rules (eval-use, phpinfo-use, wp-*-audit, ...).","warning","Call to method 'get_results' (wp-sql-injection-audit).","/wordpress-plugins/security/audit/wp-sql-injection-audit.php","7","25","7","114"
"Dangerous function use (semgrep-audit parity)","Flags calls to dangerous/audit-worthy built-in functions, mirroring semgrep's presence-based PHP audit rules (eval-use, phpinfo-use, wp-*-audit, ...).","warning","Call to 'maybe_unserialize' (wp-php-object-injection-audit).","/wordpress-plugins/security/audit/wp-php-object-injection-audit.php","10","19","10","53"
"Dangerous function use (semgrep-audit parity)","Flags calls to dangerous/audit-worthy built-in functions, mirroring semgrep's presence-based PHP audit rules (eval-use, phpinfo-use, wp-*-audit, ...).","warning","Call to 'unserialize' (unserialize-use).
Call to 'unserialize' (wp-php-object-injection-audit).","/wordpress-plugins/security/audit/wp-php-object-injection-audit.php","13","9","13","40"
"Dangerous function use (semgrep-audit parity)","Flags calls to dangerous/audit-worthy built-in functions, mirroring semgrep's presence-based PHP audit rules (eval-use, phpinfo-use, wp-*-audit, ...).","warning","Call to 'wp_remote_get' (wp-ssrf-audit).","/wordpress-plugins/security/audit/wp-ssrf-audit.php","5","13","5","31"
"Dangerous function use (semgrep-audit parity)","Flags calls to dangerous/audit-worthy built-in functions, mirroring semgrep's presence-based PHP audit rules (eval-use, phpinfo-use, wp-*-audit, ...).","warning","Call to 'wp_safe_remote_get' (wp-ssrf-audit).","/wordpress-plugins/security/audit/wp-ssrf-audit.php","9","13","9","36"
"Dangerous function use (semgrep-audit parity)","Flags calls to dangerous/audit-worthy built-in functions, mirroring semgrep's presence-based PHP audit rules (eval-use, phpinfo-use, wp-*-audit, ...).","warning","Call to 'wp_safe_remote_request' (wp-ssrf-audit).","/wordpress-plugins/security/audit/wp-ssrf-audit.php","13","13","13","40"
"Dangerous function use (semgrep-audit parity)","Flags calls to dangerous/audit-worthy built-in functions, mirroring semgrep's presence-based PHP audit rules (eval-use, phpinfo-use, wp-*-audit, ...).","warning","Call to 'wp_safe_remote_head' (wp-ssrf-audit).","/wordpress-plugins/security/audit/wp-ssrf-audit.php","17","13","17","37"
"Dangerous function use (semgrep-audit parity)","Flags calls to dangerous/audit-worthy built-in functions, mirroring semgrep's presence-based PHP audit rules (eval-use, phpinfo-use, wp-*-audit, ...).","warning","Call to 'wp_oembed_get' (wp-ssrf-audit).","/wordpress-plugins/security/audit/wp-ssrf-audit.php","21","13","21","31"
"Dangerous function use (semgrep-audit parity)","Flags calls to dangerous/audit-worthy built-in functions, mirroring semgrep's presence-based PHP audit rules (eval-use, phpinfo-use, wp-*-audit, ...).","warning","Call to 'vip_safe_wp_remote_get' (wp-ssrf-audit).","/wordpress-plugins/security/audit/wp-ssrf-audit.php","25","13","25","40"
"Dangerous function use (semgrep-audit parity)","Flags calls to dangerous/audit-worthy built-in functions, mirroring semgrep's presence-based PHP audit rules (eval-use, phpinfo-use, wp-*-audit, ...).","warning","Call to 'wp_safe_remote_post' (wp-ssrf-audit).","/wordpress-plugins/security/audit/wp-ssrf-audit.php","29","13","29","37"
"Dangerous function use (semgrep-audit parity)","Flags calls to dangerous/audit-worthy built-in functions, mirroring semgrep's presence-based PHP audit rules (eval-use, phpinfo-use, wp-*-audit, ...).","warning","Call to 'wp_remote_get' (wp-ssrf-audit).","/wordpress-plugins/security/audit/wp-ssrf-audit.php","32","13","32","41"
"Dangerous function use (semgrep-audit parity)","Flags calls to dangerous/audit-worthy built-in functions, mirroring semgrep's presence-based PHP audit rules (eval-use, phpinfo-use, wp-*-audit, ...).","warning","Call to 'wp_safe_remote_post' (wp-ssrf-audit).","/wordpress-plugins/security/audit/wp-ssrf-audit.php","35","13","35","47"
"Dangerous function use (semgrep-audit parity)","Flags calls to dangerous/audit-worthy built-in functions, mirroring semgrep's presence-based PHP audit rules (eval-use, phpinfo-use, wp-*-audit, ...).","warning","Call to 'wp_remote_get' (wp-ssrf-audit).","/wordpress-plugins/security/audit/wp-ssrf-audit.php","38","13","38","46"
"Dangerous function use (semgrep-audit parity)","Flags calls to dangerous/audit-worthy built-in functions, mirroring semgrep's presence-based PHP audit rules (eval-use, phpinfo-use, wp-*-audit, ...).","warning","Call to 'wp_safe_remote_request' (wp-ssrf-audit).","/wordpress-plugins/security/audit/wp-ssrf-audit.php","41","13","41","55"
"Dangerous function use (semgrep-audit parity)","Flags calls to dangerous/audit-worthy built-in functions, mirroring semgrep's presence-based PHP audit rules (eval-use, phpinfo-use, wp-*-audit, ...).","warning","Call to 'wp_remote_get' (wp-ssrf-audit).","/wordpress-plugins/security/audit/wp-ssrf-audit.php","45","13","45","31"
"Dangerous function use (semgrep-audit parity)","Flags calls to dangerous/audit-worthy built-in functions, mirroring semgrep's presence-based PHP audit rules (eval-use, phpinfo-use, wp-*-audit, ...).","warning","Call to 'wp_remote_get' (wp-ssrf-audit).","/wordpress-plugins/security/audit/wp-ssrf-audit.php","49","13","49","31"
"Dangerous function use (semgrep-audit parity)","Flags calls to dangerous/audit-worthy built-in functions, mirroring semgrep's presence-based PHP audit rules (eval-use, phpinfo-use, wp-*-audit, ...).","warning","Call to 'wp_remote_get' (wp-ssrf-audit).","/wordpress-plugins/security/audit/wp-ssrf-audit.php","53","13","53","31"
"Dangerous function use (semgrep-audit parity)","Flags calls to dangerous/audit-worthy built-in functions, mirroring semgrep's presence-based PHP audit rules (eval-use, phpinfo-use, wp-*-audit, ...).","warning","Call to 'wp_remote_get' (wp-ssrf-audit).","/wordpress-plugins/security/audit/wp-ssrf-audit.php","56","13","56","57"
